user_id,accuracy,precision,recall,balanced_accuracy
11,0.677871,0.229258,0.321101,0.539494
28,0.72612,0.119217,0.378531,0.567464
91,0.667052,0.24263,0.30659,0.532368
503,0.679842,0.396078,0.372694,0.582433
661,0.723979,0.113111,0.372881,0.563226
675,0.721538,0.275449,0.433962,0.605768
765,0.655693,0.283976,0.329412,0.541106
942,0.685897,0.09434,0.223881,0.482676
1406,0.537152,0.321212,0.220833,0.472486
1445,0.69587,0.091133,0.24026,0.49236
1459,0.700676,0.17226,0.323529,0.541322
1571,0.725664,0.196532,0.419753,0.593461
1896,0.711819,0.126943,0.335616,0.543911
2000,0.722829,0.153846,0.386364,0.57354
2052,0.696745,0.094382,0.247059,0.496078
2128,0.508429,0.508772,0.259392,0.506456
2314,0.579694,0.232365,0.21875,0.469223
2362,0.722222,0.112583,0.354167,0.554373
2381,0.722807,0.049724,0.26087,0.503591
2420,0.734447,0.06772,0.384615,0.56776
2511,0.669512,0.177694,0.264045,0.507949
2723,0.647396,0.201357,0.252841,0.499897
2742,0.418942,0.69869,0.261224,0.50956
2768,0.603368,0.250564,0.24026,0.488384
2861,0.744027,0.213333,0.5,0.636973
3033,0.647773,0.154545,0.222951,0.480857
3074,0.690659,0.238095,0.342679,0.553928
3106,0.656638,0.111111,0.191964,0.464181
3122,0.591176,0.236641,0.222222,0.476158
3795,0.777143,0.413043,0.612903,0.712702
3966,0.507973,0.542986,0.266075,0.514771
4220,0.635349,0.350114,0.312245,0.539057
4487,0.712722,0.134771,0.33557,0.545546
4672,0.702635,0.189055,0.339286,0.550665
4779,0.726509,0.119266,0.357798,0.558899
11,0.677871,0.229258,0.321101,0.539494
28,0.72612,0.119217,0.378531,0.567464
4869,0.605526,0.27907,0.24948,0.497691
4906,0.69785,0.096998,0.245614,0.496678
5114,0.651191,0.157005,0.226481,0.483981
5129,0.774668,0.111888,0.32,0.564439
5194,0.494949,0.384106,0.218868,0.468097
5225,0.548148,0.479129,0.27702,0.51962
5262,0.684385,0.05283,0.146597,0.442296
5517,0.596532,0.331481,0.263623,0.507757
5590,0.674524,0.143911,0.23494,0.493671
5797,0.639874,0.174067,0.225287,0.4829
5801,0.592083,0.328054,0.259392,0.504274
5804,0.686209,0.204198,0.311953,0.536011
5831,0.658915,0.056452,0.127273,0.427193
5858,0.751118,0.077381,0.52,0.640031
5959,0.633382,0.183556,0.223776,0.482022
5978,0.717402,0.154143,0.357143,0.559213
6067,0.748988,0.164894,0.516667,0.643062
6179,0.731043,0.106335,0.443396,0.596856
6261,0.714143,0.121756,0.316062,0.53635
6320,0.691756,0.234192,0.346021,0.55496
6409,0.650822,0.123256,0.195572,0.466244
6477,0.703502,0.033573,0.137255,0.438962
7344,0.662604,0.123791,0.211221,0.476034
7379,0.672274,0.184783,0.360169,0.543123
7426,0.637555,0.155,0.203279,0.471439
7451,0.698171,0.172662,0.324324,0.540512
7467,0.684825,0.246154,0.333333,0.549442
7475,0.71067,0.111111,0.301471,0.527055
7729,0.641618,0.511628,0.349206,0.579149
7775,0.624365,0.277228,0.271845,0.510493
7815,0.679104,0.183824,0.290698,0.522016
7904,0.623206,0.394799,0.308688,0.54117
8192,0.734177,0.102757,0.398058,0.577838
8504,0.660911,0.621118,0.392157,0.616235
9086,0.625344,0.125683,0.17037,0.449821
9200,0.761329,0.304878,0.531915,0.665605
9305,0.613385,0.359699,0.292049,0.526559
9309,0.62005,0.197007,0.212938,0.477152
9421,0.686663,0.144828,0.275109,0.512555
9585,0.75,0.100529,0.558824,0.659015
9867,0.78148,0.635838,0.562181,0.716097
10317,0.655985,0.283636,0.317073,0.537678
10353,0.601212,0.184834,0.19898,0.462765
10366,0.745879,0.11437,0.364486,0.570308
10547,0.695226,0.084833,0.230769,0.486957
10630,0.60274,0.21097,0.208333,0.472291
10783,0.623237,0.325893,0.285156,0.522832
10797,0.652838,0.155172,0.227848,0.484636
10982,0.724024,0.107527,0.364964,0.559117
11084,0.689936,0.174312,0.305221,0.530161
11207,0.607317,0.302439,0.257261,0.505142
11570,0.680779,0.125725,0.241636,0.494278
11591,0.623219,0.307692,0.287918,0.519821
11637,0.7352,0.066038,0.381818,0.566641
11699,0.70776,0.07,0.227642,0.487719
11733,0.541825,0.344304,0.226667,0.48092
11892,0.640814,0.372152,0.31681,0.546593
11920,0.747486,0.101322,0.511111,0.635556
12087,0.716612,0.316456,0.431034,0.607084
12178,0.742167,0.097113,0.420455,0.591114
12268,0.722973,0.174107,0.39,0.577614
12317,0.734349,0.18,0.442623,0.605274
12349,0.668816,0.115741,0.214592,0.477629
12384,0.62748,0.251938,0.262626,0.504423
12430,0.675227,0.177515,0.283019,0.516509
12454,0.713852,0.162,0.355263,0.557917
12457,0.704304,0.179803,0.341121,0.55069
12460,0.608618,0.185714,0.2,0.466511
12575,0.628092,0.294118,0.281457,0.517837
12599,0.642857,0.172816,0.226463,0.484219
12707,0.721973,0.23125,0.37,0.576916
12767,0.635091,0.213115,0.242537,0.494419
12880,0.627626,0.423174,0.320611,0.550945
12977,0.716454,0.236842,0.40081,0.586476
12990,0.588785,0.243243,0.219512,0.476307
13224,0.588889,0.150943,0.162162,0.44104
13242,0.659218,0.05569,0.126374,0.426728
13432,0.638608,0.139241,0.192308,0.464778
13452,0.663851,0.113333,0.204819,0.471761
13456,0.735169,0.184154,0.419512,0.596565
13570,0.583167,0.32049,0.289557,0.50379
13638,0.670558,0.212042,0.28125,0.520609
13738,0.640054,0.37234,0.321101,0.547307
13830,0.727888,0.160825,0.402062,0.583265
13998,0.716346,0.180124,0.391892,0.575946
14071,0.726964,0.158837,0.398876,0.581274
14106,0.735646,0.156479,0.397516,0.584595
14312,0.669323,0.092334,0.270408,0.49144
14385,0.676398,0.133595,0.241993,0.494272
14455,0.54796,0.50655,0.280872,0.526063
14482,0.721154,0.45283,0.45283,0.632867
14511,0.618045,0.311765,0.278947,0.516316
14600,0.654253,0.092338,0.172794,0.451703
14808,0.629648,0.20396,0.23516,0.48807
14860,0.638071,0.133065,0.189112,0.461922
15150,0.706349,0.221519,0.360825,0.565028
15185,0.687844,0.139089,0.27619,0.512307
15299,0.571205,0.28125,0.220588,0.47811
15372,0.68138,0.129032,0.246154,0.496835
15418,0.66108,0.338272,0.33012,0.55302
15544,0.651363,0.384401,0.342432,0.559712
16020,0.730013,0.157623,0.414966,0.589281
16037,0.717348,0.096647,0.310127,0.531146
16539,0.68004,0.161355,0.271812,0.51179
16643,0.698469,0.159596,0.311024,0.533589
17102,0.652749,0.153226,0.224852,0.483275
17141,0.661199,0.210421,0.282258,0.516367
17148,0.683394,0.182143,0.301775,0.527371
17799,0.600991,0.281553,0.25,0.496304
17898,0.691214,0.187783,0.410891,0.572087
18101,0.593306,0.436255,0.296748,0.533706
18241,0.749838,0.165333,0.455882,0.617027
18279,0.523412,0.382872,0.233846,0.48216
18311,0.634514,0.250639,0.270718,0.509283
18318,0.74072,0.100223,0.441176,0.600063
18341,0.725363,0.183007,0.383562,0.577312
18773,0.733744,0.231806,0.452632,0.614199
18877,0.587782,0.272912,0.231034,0.485035
18991,0.750381,0.184524,0.534483,0.652884
19350,0.597488,0.357647,0.275362,0.515806
19436,0.560886,0.262136,0.208494,0.467063
19635,0.670025,0.174257,0.269939,0.509291
19664,0.618354,0.336634,0.288747,0.523544
19729,0.641584,0.195876,0.247557,0.494639
19762,0.68678,0.124668,0.26257,0.50397
19778,0.718447,0.146154,0.358491,0.559115
19928,0.669173,0.207692,0.27,0.515787
20346,0.688109,0.137755,0.27551,0.511917
20406,0.472362,0.4914,0.240096,0.483684
20436,0.67505,0.128,0.233577,0.4896
20754,0.602632,0.267532,0.242353,0.492409
21084,0.745026,0.070248,0.478873,0.617088
21138,0.548278,0.427938,0.262585,0.506775
21489,0.714985,0.131579,0.348101,0.551166
21509,0.753264,0.035714,1.0,0.875494
21518,0.710714,0.193103,0.383562,0.571658
21749,0.759189,0.105,0.65625,0.709895
21780,0.572193,0.208333,0.192308,0.455413
22056,0.62084,0.220085,0.237875,0.488581
22058,0.632599,0.213198,0.259259,0.49749
22062,0.659619,0.131148,0.225352,0.480835
22173,0.674086,0.432099,0.382514,0.588118
22448,0.669231,0.144509,0.271739,0.503253
22464,0.665524,0.07989,0.15847,0.448357
22512,0.748792,0.296296,0.533333,0.659322
22587,0.617521,0.172269,0.20297,0.467289
22745,0.716797,0.171875,0.360656,0.562811
22902,0.758204,0.231293,0.557377,0.669615
22924,0.65232,0.165775,0.23221,0.488236
22996,0.673503,0.25,0.315789,0.539392
23067,0.70793,0.261194,0.402299,0.586033
23088,0.569937,0.337449,0.246246,0.494323
23089,0.55164,0.383721,0.248744,0.496866
23123,0.74942,0.150943,0.470588,0.621944
23149,0.721441,0.181185,0.38806,0.576998
23361,0.665094,0.072115,0.141509,0.440701
23418,0.614685,0.274725,0.258398,0.502641
23427,0.571135,0.355795,0.253846,0.500065
23545,0.697694,0.247557,0.358491,0.563976
23593,0.556352,0.25,0.202062,0.461031
23717,0.523747,0.359788,0.220779,0.475945
23931,0.605598,0.27,0.247706,0.495332
23954,0.704512,0.262857,0.383333,0.57791
24011,0.731444,0.159574,0.422535,0.593357
24232,0.727148,0.105691,0.367925,0.561649
24380,0.637704,0.173278,0.221333,0.480745
24543,0.705021,0.24,0.394737,0.579209
24570,0.672289,0.104762,0.207547,0.473939
24587,0.697642,0.186486,0.338235,0.547551
24697,0.741784,0.115473,0.46729,0.613733
24799,0.612378,0.270968,0.251497,0.49935
25009,0.602855,0.125571,0.193662,0.444484
25091,0.68111,0.140957,0.263682,0.505273
25093,0.526132,0.15493,0.126437,0.413218
25156,0.60666,0.240741,0.232143,0.485959
25347,0.676548,0.132075,0.242308,0.494082
25489,0.739286,0.128571,0.428571,0.596525
25524,0.781627,0.122112,0.606557,0.698306
25536,0.776423,0.376923,0.628205,0.716276
25703,0.717039,0.109091,0.330275,0.5414
25767,0.658659,0.154762,0.233533,0.488762
25927,0.536042,0.430769,0.256881,0.501147
26020,0.726272,0.092896,0.34,0.5474
26036,0.681972,0.180593,0.286325,0.52127
26196,0.706987,0.135593,0.363636,0.554212
26257,0.730802,0.189003,0.398551,0.586572
26308,0.657343,0.1,0.166667,0.454235
26445,0.550638,0.407738,0.255121,0.502561
26446,0.597677,0.168776,0.178571,0.453048
26533,0.643544,0.264151,0.284884,0.51969
26553,0.648381,0.207143,0.255507,0.50233
26840,0.71179,0.166667,0.353659,0.556995
27015,0.821993,0.07197,0.283582,0.56421
27031,0.674544,0.212058,0.31003,0.531401
27253,0.752155,0.130435,0.5,0.634793
27307,0.65544,0.182051,0.25,0.498413
27529,0.676155,0.225141,0.387097,0.560494
27686,0.60105,0.27521,0.239927,0.493032
27832,0.67619,0.272727,0.348837,0.554658
28448,0.631466,0.268908,0.275862,0.512931
28596,0.581704,0.255556,0.217494,0.475942
28721,0.742254,0.1,0.461538,0.610054
28741,0.599298,0.134454,0.154839,0.438854
28834,0.725296,0.242647,0.478261,0.621281
28850,0.677072,0.07957,0.177033,0.458741
28939,0.653199,0.111406,0.189189,0.461974
29099,0.457352,0.542857,0.246525,0.488647
29332,0.65,0.215827,0.25641,0.50518
29573,0.690897,0.224,0.33871,0.550482
29614,0.742072,0.206349,0.541667,0.653186
29799,0.727027,0.127932,0.384615,0.571588
29847,0.670677,0.167665,0.259259,0.504854
29856,0.714104,0.082873,0.202703,0.484942
30184,0.598616,0.398649,0.292079,0.527689
30208,0.687912,0.156522,0.285714,0.519133
30326,0.66122,0.181034,0.257669,0.503007
30560,0.695511,0.260684,0.359882,0.565371
30641,0.42808,0.540984,0.229965,0.473091
30965,0.658786,0.120763,0.205776,0.471891
30983,0.736515,0.209877,0.451327,0.612855
31208,0.781955,0.382353,0.619048,0.715774
31209,0.547361,0.230548,0.182232,0.449697
31226,0.676343,0.171429,0.277778,0.514104
31412,0.743369,0.084507,0.47619,0.616098
31494,0.755396,0.284314,0.5,0.648329
31511,0.705882,0.197368,0.384615,0.570308
31517,0.766667,0.483871,0.555556,0.691756
31533,0.671896,0.220386,0.28777,0.524777
31541,0.585169,0.223837,0.205333,0.467408
31700,0.714286,0.106436,0.325758,0.537792
31774,0.682328,0.145833,0.27451,0.510555
31843,0.704713,0.119883,0.29078,0.521725
31887,0.698561,0.205714,0.338028,0.550917
31965,0.688426,0.044543,0.125786,0.433987
32223,0.725111,0.098765,0.290909,0.527332
32241,0.653527,0.181818,0.244444,0.495947
32362,0.658849,0.314815,0.35,0.553632
32534,0.562721,0.139205,0.134986,0.422932
32729,0.633049,0.239264,0.257426,0.502952
32988,0.61181,0.223938,0.224806,0.482726
33053,0.73591,0.096154,0.394737,0.576442
33273,0.734666,0.078804,0.386667,0.57015
33283,0.714909,0.064516,0.231579,0.49118
33291,0.751422,0.137931,0.586667,0.674389
33353,0.729567,0.2,0.434579,0.60169
33377,0.761062,0.394737,0.461538,0.646828
33446,0.723505,0.213904,0.414508,0.59232
33451,0.589808,0.221122,0.208075,0.46918
33504,0.645301,0.246781,0.275779,0.514645
33573,0.636293,0.316923,0.295977,0.529399
33803,0.670741,0.260054,0.384921,0.561902
33964,0.742188,0.262195,0.494253,0.637723
33988,0.61031,0.21179,0.220957,0.478244
34006,0.710878,0.106481,0.292994,0.522937
34151,0.689151,0.215859,0.332203,0.546156
34224,0.822695,0.351351,0.928571,0.869798
34344,0.676908,0.278431,0.333333,0.551089
34648,0.804688,0.242424,1.0,0.895833
34946,0.669831,0.107884,0.209677,0.474378
34994,0.66055,0.225564,0.267857,0.514991
35031,0.726667,0.254237,0.461538,0.616484
35316,0.61215,0.2125,0.216561,0.478383
35752,0.575623,0.425439,0.277937,0.520631
35857,0.64058,0.125628,0.252525,0.479055
36099,0.624242,0.246377,0.24878,0.498584
36117,0.64389,0.164103,0.228571,0.483046
36311,0.665519,0.148402,0.236364,0.491138
36489,0.75,0.06383,0.642857,0.697833
36565,0.729565,0.103343,0.365591,0.561496
36609,0.478903,0.355372,0.20283,0.45256
36638,0.716507,0.136792,0.349398,0.553185
36682,0.670357,0.294118,0.326087,0.548576
36779,0.737705,0.158824,0.45,0.607979
36783,0.754209,0.192053,0.54717,0.660831
37051,0.711921,0.461538,0.444444,0.6272
37107,0.745665,0.217391,0.555556,0.661649
37608,0.515214,0.410468,0.234277,0.48504
37895,0.691548,0.244019,0.356643,0.55997
38239,0.768025,0.301205,0.609756,0.700562
38241,0.708779,0.167364,0.353982,0.555797
38296,0.571814,0.526882,0.299511,0.543373
38308,0.714848,0.134361,0.348571,0.551703
38465,0.693195,0.181818,0.31746,0.537273
38567,0.650924,0.206897,0.235294,0.498167
38588,0.687943,0.242972,0.336111,0.551265
38612,0.743083,0.166667,0.52381,0.64337
38633,0.685404,0.081967,0.173913,0.462374
38687,0.642424,0.157895,0.181818,0.469697
38816,0.753138,0.177419,0.578947,0.673565
38873,0.71728,0.106904,0.328767,0.540542
39043,0.61518,0.314433,0.281106,0.516021
39089,0.620505,0.261261,0.25816,0.502276
39263,0.513254,0.358108,0.215739,0.470321
39302,0.610381,0.228346,0.225389,0.483293
39307,0.715736,0.294118,0.428571,0.603175
39356,0.666667,0.070796,0.16,0.445729
39360,0.726585,0.12933,0.375839,0.567856
39399,0.625,0.444444,0.327869,0.555239
39419,0.755378,0.139683,0.55,0.659681
39466,0.709862,0.067568,0.245902,0.495331
39468,0.657397,0.199134,0.272189,0.509382
39480,0.669251,0.121212,0.226415,0.482968
39542,0.657609,0.431373,0.392857,0.583147
39582,0.682823,0.320442,0.368254,0.571076
39596,0.692913,0.160606,0.319277,0.534186
39624,0.677579,0.190661,0.295181,0.524075
39647,0.625487,0.233624,0.249417,0.496419
39670,0.603166,0.21,0.215606,0.47354
39716,0.598905,0.309783,0.255605,0.50268
39727,0.760705,0.339806,0.564516,0.680766
39741,0.696305,0.16476,0.309013,0.532759
39742,0.696356,0.131148,0.266667,0.511214
39781,0.768778,0.133333,0.611111,0.694358
39803,0.751538,0.085366,0.54902,0.654414
39828,0.773869,0.283019,0.681818,0.733564
39832,0.731153,0.072202,0.338983,0.546171
39878,0.671642,0.186944,0.275109,0.514242
39917,0.662309,0.258333,0.319588,0.536866
39922,0.673927,0.050505,0.130719,0.431837
39923,0.697821,0.038375,0.144068,0.441038
40016,0.616558,0.335227,0.286408,0.52196
40063,0.666857,0.237327,0.29096,0.526672
40107,0.646072,0.3,0.298193,0.531119
40132,0.745349,0.087156,0.487179,0.622396
40190,0.761644,0.065934,0.75,0.755952
40261,0.763636,0.214286,0.6,0.69
40284,0.73444,0.256198,0.449275,0.615679
40297,0.81,0.4,0.714286,0.769934
40302,0.651515,0.219697,0.263636,0.508612
40307,0.762527,0.276151,0.3,0.575238
40310,0.709091,0.289157,0.393443,0.587056
40345,0.740157,0.353535,0.5,0.647106
40362,0.642145,0.194581,0.242331,0.493231
40438,0.700133,0.104712,0.268456,0.508029
40460,0.635678,0.127451,0.188406,0.458945
40483,0.570556,0.352423,0.250391,0.498581
40500,0.59607,0.196581,0.201754,0.464249
40645,0.681034,0.187713,0.294118,0.524757
40673,0.648148,0.266055,0.287129,0.522718
40798,0.641455,0.189944,0.250923,0.494121
40877,0.752577,0.060606,0.666667,0.710642
40934,0.677632,0.078947,0.176471,0.458606
41106,0.645089,0.255882,0.279743,0.517413
41250,0.72069,0.202055,0.393333,0.58132
41542,0.669864,0.178462,0.284314,0.51465
41585,0.774648,0.184211,0.875,0.821828
41865,0.690075,0.241245,0.313131,0.544497
41938,0.651267,0.091716,0.161458,0.447251
41983,0.761333,0.256545,0.569767,0.677956
41987,0.662379,0.37037,0.357143,0.566237
42141,0.71185,0.177852,0.363014,0.562227
42210,0.662359,0.222222,0.274194,0.516895
42248,0.600698,0.251765,0.225263,0.484715
42371,0.749499,0.2,0.5,0.638641
42379,0.606612,0.15894,0.177778,0.453783
42398,0.70245,0.245863,0.352542,0.563868
42405,0.628399,0.042424,0.073684,0.397512
42524,0.616915,0.622642,0.366667,0.593243
42584,0.76,0.265306,0.684211,0.726721
42693,0.676519,0.261438,0.322581,0.544795
42700,0.634312,0.333333,0.317073,0.536662
42737,0.717748,0.110429,0.336449,0.544504
42887,0.490319,0.543624,0.260171,0.505998
42968,0.66902,0.312693,0.335548,0.553811
43423,0.777143,0.109244,0.541667,0.665045
43442,0.706731,0.180328,0.5,0.615591
43548,0.640095,0.161663,0.224359,0.479601
43656,0.746805,0.121495,0.527027,0.643819
43716,0.665639,0.234568,0.290076,0.525347
43765,0.68835,0.125891,0.25,0.500592
43845,0.572271,0.129412,0.134146,0.423104
44034,0.666935,0.139683,0.235294,0.489333
44167,0.782946,0.4,0.666667,0.736111
44223,0.684485,0.145833,0.264151,0.508021
44278,0.73913,0.447368,0.53125,0.666568
44379,0.741329,0.131054,0.464646,0.613646
44576,0.575216,0.325635,0.240614,0.49324
44853,0.572373,0.323529,0.238095,0.491128
44889,0.723645,0.185012,0.405128,0.585313
45024,0.713959,0.256798,0.397196,0.586474
45098,0.737147,0.075188,0.428571,0.590127
45247,0.568075,0.380805,0.258947,0.504941
45383,0.740385,0.085714,0.428571,0.592767
45400,0.616302,0.212598,0.225,0.481952
45524,0.74942,0.033537,0.611111,0.681242
45574,0.742621,0.127358,0.45,0.607465
45746,0.551806,0.319905,0.22314,0.47919
45759,0.688509,0.161049,0.292517,0.522638
46177,0.761194,0.147982,0.647059,0.707676
46225,0.781065,0.282609,0.764706,0.7738
46251,0.720317,0.244898,0.428571,0.599735
46498,0.665929,0.236842,0.296703,0.527853
46779,0.692451,0.243542,0.34555,0.556562
47317,0.597531,0.376238,0.275362,0.519704
47383,0.754566,0.177273,0.534247,0.654421
47416,0.750805,0.058081,0.621622,0.68779
47498,0.706761,0.267081,0.38565,0.580337
47743,0.674806,0.177305,0.274725,0.513607
47821,0.704615,0.26875,0.364407,0.572241
47832,0.733189,0.144068,0.435897,0.59828
47885,0.67036,0.152174,0.254545,0.499822
47907,0.710505,0.25817,0.391089,0.582834
47964,0.70098,0.152381,0.326531,0.53931
48006,0.545098,0.177419,0.144737,0.42991
48058,0.609195,0.219178,0.262295,0.488648
48073,0.727506,0.244565,0.381356,0.585375
48203,0.728774,0.275229,0.454545,0.616938
48342,0.533816,0.257143,0.190141,0.451688
48481,0.708475,0.157895,0.352941,0.553865
48497,0.713504,0.294872,0.184,0.526988
48547,0.553472,0.338843,0.23384,0.485629
48626,0.585554,0.376744,0.272727,0.513989
48749,0.683311,0.266667,0.346667,0.556312
48819,0.714917,0.25,0.383562,0.581109
49067,0.569886,0.301887,0.233151,0.484196
49149,0.655235,0.166271,0.239726,0.491761
49226,0.717196,0.109524,0.319444,0.537099
49236,0.694709,0.178694,0.315152,0.536624
49249,0.583784,0.195652,0.183673,0.455807
49303,0.706856,0.197183,0.352941,0.558864
49449,0.758123,0.06338,0.9,0.827757
49457,0.716129,0.35,0.4375,0.613059
49518,0.673611,0.179331,0.278302,0.514612
49675,0.725962,0.146789,0.432432,0.593525
50065,0.714643,0.230392,0.398305,0.583881
50203,0.752883,0.038961,0.75,0.751461
50217,0.714286,0.137615,0.348837,0.552023
50324,0.758883,0.138686,0.208791,0.519747
50390,0.726115,0.296296,0.45283,0.61722
50435,0.714286,0.340426,0.432432,0.60932
50511,0.763033,0.096154,0.625,0.696736
50520,0.750405,0.072555,0.621622,0.688004
50596,0.694125,0.155502,0.299539,0.526687
50630,0.728507,0.087719,0.384615,0.567308
50776,0.67563,0.290429,0.339768,0.554417
51063,0.675136,0.124555,0.238095,0.490252
51264,0.686495,0.21519,0.32381,0.541982
51310,0.602195,0.464865,0.310469,0.545721
51452,0.743156,0.081761,0.490566,0.622491
51455,0.563205,0.323113,0.233788,0.486321
51460,0.387195,0.775391,0.266801,0.513609
51464,0.711864,0.197368,0.384615,0.573167
51613,0.720848,0.294118,0.392157,0.59263
51876,0.75848,0.075676,0.666667,0.71392
51881,0.678125,0.256098,0.333333,0.54799
51944,0.555306,0.320475,0.227848,0.481401
51958,0.686813,0.302158,0.362069,0.568244
51967,0.643888,0.218045,0.263636,0.504834
52057,0.660877,0.288184,0.380228,0.559564
52076,0.717443,0.171875,0.371622,0.567402
52077,0.623897,0.073016,0.115,0.418054
52098,0.628073,0.222561,0.254355,0.496274
52225,0.751092,0.054795,0.64,0.696786
52263,0.647826,0.131188,0.197026,0.467641
52276,0.756057,0.091228,0.440678,0.606543
52282,0.70418,0.247619,0.373206,0.57211
52292,0.711462,0.286822,0.406593,0.592453
52302,0.614379,0.255663,0.246106,0.4957
52608,0.675827,0.189066,0.272131,0.515633
52612,0.747715,0.158845,0.505747,0.637183
52690,0.42541,0.372611,0.188406,0.429762
52743,0.597403,0.127036,0.146067,0.434174
52785,0.682805,0.09772,0.225564,0.482735
53094,0.652038,0.126935,0.20197,0.469578
53095,0.740905,0.156794,0.473684,0.619594
53119,0.643607,0.207317,0.252226,0.499358
53250,0.704202,0.184818,0.347826,0.553894
53260,0.701115,0.386228,0.395706,0.597264
53392,0.675187,0.138614,0.244541,0.495725
53605,0.698184,0.202864,0.364807,0.559969
53629,0.730702,0.260736,0.562914,0.659617
53721,0.765217,0.183333,0.6875,0.729264
53879,0.640049,0.17207,0.213622,0.479608
53913,0.574004,0.249071,0.213376,0.470201
53950,0.647108,0.194079,0.251064,0.497661
53964,0.75124,0.072829,0.565217,0.661363
53965,0.692163,0.215539,0.325758,0.545298
53986,0.763889,0.389831,0.605263,0.701508
54096,0.782383,0.285714,0.666667,0.731589
54183,0.628643,0.298701,0.285714,0.51999
54257,0.657604,0.113333,0.19883,0.467208
54348,0.67679,0.352459,0.380531,0.57676
54591,0.682711,0.273418,0.335404,0.553541
54658,0.731343,0.27451,0.451613,0.616983
54681,0.644573,0.263844,0.285211,0.520179
54702,0.649351,0.201681,0.263736,0.503836
55076,0.748031,0.433333,0.464286,0.646284
55256,0.612903,0.150602,0.183824,0.455019
55351,0.625,0.25187,0.25187,0.500831
55392,0.751845,0.218978,0.521739,0.650446
55394,0.728841,0.291262,0.447761,0.616105
55444,0.655371,0.302326,0.303109,0.536953
55454,0.68262,0.317881,0.358209,0.567512
55467,0.768707,0.32,0.585366,0.691892
55521,0.64527,0.213115,0.265306,0.504858
55554,0.653233,0.26087,0.288889,0.524466
55746,0.654718,0.09593,0.170103,0.452485
55802,0.619883,0.233716,0.243028,0.492482
55978,0.730241,0.151515,0.420561,0.591075
56226,0.697368,0.233333,0.378378,0.56877
56326,0.721698,0.240741,0.419355,0.596418
56655,0.743243,0.276316,0.5,0.641732
56700,0.696791,0.17268,0.320574,0.538512
56796,0.644745,0.25,0.276056,0.515118
56852,0.702492,0.239264,0.367925,0.568291
56864,0.758483,0.131579,0.60241,0.685008
57040,0.563277,0.60745,0.315476,0.559177
57140,0.687464,0.079007,0.202312,0.47155
57161,0.740741,0.09894,0.41791,0.589461
57191,0.647307,0.327801,0.314741,0.540991
57396,0.794872,0.3,0.75,0.775
57404,0.774834,0.153846,0.857143,0.813988
57612,0.576508,0.283951,0.23374,0.482983
57730,0.520228,0.336735,0.209192,0.467898
57746,0.500921,0.460241,0.244872,0.490516
57845,0.753086,0.168675,0.56,0.664615
57925,0.72807,0.131488,0.391753,0.57555
58196,0.807692,0.4,0.777778,0.795139
58237,0.658031,0.117048,0.202643,0.469583
193,0.617155,0.322581,0.28777,0.519991
1883,0.649446,0.164706,0.226721,0.485201
3914,0.763636,0.170732,0.583333,0.680556
5124,0.613924,0.35,0.285714,0.523591
5188,0.703863,0.338235,0.489362,0.623713
6238,0.686992,0.150794,0.287879,0.518353
12741,0.728132,0.290909,0.463768,0.621715
14156,0.717822,0.174157,0.371257,0.567746
18200,0.726776,0.183824,0.390625,0.58088
19308,0.746765,0.048544,0.512821,0.632673
21326,0.60499,0.224138,0.206349,0.476414
21879,0.653967,0.317526,0.316872,0.542702
23840,0.705305,0.153846,0.333333,0.544172
25257,0.708333,0.173516,0.4,0.57448
29888,0.74061,0.071111,0.571429,0.658894
34597,0.678086,0.115139,0.233766,0.487841
38198,0.746606,0.25,0.5,0.641192
38299,0.724093,0.082902,0.307692,0.530929
38617,0.567948,0.409382,0.269285,0.512508
39766,0.802395,0.363636,0.761905,0.785062
41000,0.697112,0.10221,0.37,0.547405
41242,0.705317,0.256071,0.386667,0.578551
42175,0.566165,0.548673,0.304918,0.546209
42479,0.765101,0.461538,0.5625,0.691506
43823,0.754844,0.049834,0.75,0.752464
44037,0.771084,0.116279,1.0,0.881988
49028,0.663415,0.24,0.27907,0.522251
50566,0.739583,0.208333,0.454545,0.615508
58360,0.636183,0.309804,0.29368,0.527437
58496,0.629305,0.187067,0.222527,0.480797
58584,0.749129,0.167832,0.489796,0.631565
58818,0.739089,0.112727,0.5,0.627016
58828,0.765766,0.214286,0.6,0.691089
58969,0.534884,0.326087,0.234375,0.473669
59056,0.617347,0.221662,0.23219,0.486154
59363,0.545567,0.373134,0.237718,0.490549
59407,0.723493,0.190083,0.396552,0.582437
59432,0.730994,0.552632,0.42,0.639752
59605,0.744526,0.213592,0.478261,0.628172
59789,0.797203,0.4,0.636364,0.731405
59948,0.755621,0.125475,0.622642,0.692764
59973,0.597584,0.37037,0.275482,0.518526
60343,0.74812,0.04902,0.588235,0.669918
60363,0.672727,0.258182,0.312775,0.539549
60475,0.694426,0.065445,0.186567,0.464959
60541,0.753609,0.09434,0.609756,0.684638
60621,0.612125,0.25,0.241895,0.492528
60766,0.615385,0.174603,0.197605,0.465923
60845,0.702632,0.220513,0.367521,0.565565
60871,0.753363,0.241379,0.56,0.668889
60930,0.689445,0.181333,0.309091,0.532526
61076,0.792899,0.531915,0.657895,0.744978
61169,0.670562,0.188596,0.279221,0.515366
61170,0.682484,0.247887,0.318841,0.544036
61177,0.741265,0.154506,0.318584,0.555169
61184,0.647264,0.291667,0.295775,0.529466
61298,0.508235,0.590698,0.277899,0.52699
61397,0.612762,0.33218,0.277457,0.517801
61459,0.818182,0.294118,1.0,0.901639
61551,0.617152,0.322086,0.273438,0.516871
61809,0.609677,0.267532,0.241784,0.495447
61847,0.733333,0.243902,0.526316,0.644837
61992,0.690972,0.193103,0.314607,0.53718
62015,0.716667,0.456522,0.446809,0.629419
62043,0.653513,0.236842,0.286364,0.51925
62222,0.748593,0.107807,0.508772,0.635456
62438,0.680664,0.276923,0.341232,0.554995
63069,0.635501,0.335106,0.304348,0.534471
63172,0.693333,0.378378,0.378378,0.587419
63194,0.673394,0.112319,0.21831,0.479936
63334,0.678466,0.117647,0.227273,0.486518
63554,0.797872,0.24,1.0,0.892045
63590,0.736508,0.213836,0.453333,0.614054
63600,0.69356,0.181818,0.326733,0.54074
63727,0.721053,0.229167,0.407407,0.590207
63892,0.683871,0.313253,0.38806,0.576746
64336,0.744624,0.126316,0.5,0.630747
64402,0.763066,0.188811,0.574468,0.677177
64411,0.648045,0.195652,0.257143,0.500099
64490,0.765432,0.285714,0.6,0.694366
64730,0.767241,0.290323,0.642857,0.713585
64779,0.738462,0.27451,0.5,0.639222
64829,0.695219,0.108527,0.269231,0.506838
64857,0.631016,0.083916,0.136364,0.429704
64860,0.736007,0.124088,0.441558,0.600176
64922,0.694779,0.380952,0.393443,0.592998
65048,0.695804,0.25641,0.408163,0.581719
65161,0.686401,0.218182,0.326087,0.5432
65370,0.617347,0.692308,0.378947,0.610266
65386,0.66967,0.230769,0.302326,0.53012
65664,0.748918,0.137931,0.5,0.633721
65889,0.780702,0.354839,0.6875,0.741709
65890,0.57172,0.357724,0.251429,0.50045
65948,0.596708,0.384615,0.301205,0.525602
65985,0.684584,0.121032,0.254167,0.499196
66260,0.716228,0.125436,0.367347,0.558798
66400,0.683267,0.153846,0.289855,0.517907
66410,0.692308,0.392453,0.395437,0.594115
66429,0.64218,0.347032,0.323404,0.544297
66633,0.810811,0.3,1.0,0.897059
66670,0.74772,0.100806,0.490196,0.625974
66693,0.747059,0.171642,0.560976,0.662151
66728,0.803922,0.407407,0.733333,0.774713
66773,0.751055,0.098361,0.6,0.678855
66827,0.807692,0.454545,0.681818,0.757576
66848,0.625974,0.191489,0.209302,0.477561
66944,0.771529,0.192857,0.613636,0.699199
67025,0.591429,0.284644,0.242038,0.491264
67028,0.746193,0.3,0.5,0.64521
67033,0.644918,0.140921,0.206349,0.47153
67034,0.776978,0.257143,0.642857,0.717429
67057,0.702532,0.268908,0.372093,0.573933
67078,0.62423,0.325269,0.288783,0.52395
67144,0.738241,0.168,0.466667,0.616216
67147,0.697115,0.283912,0.373444,0.574011
67178,0.638831,0.388587,0.327231,0.551116
67203,0.761658,0.215686,0.647059,0.709893
67285,0.750542,0.088608,0.6,0.678241
67331,0.697368,0.269737,0.359649,0.567476
67608,0.721612,0.133333,0.362205,0.560343
67636,0.595685,0.297398,0.248447,0.497207
67961,0.704918,0.191057,0.345588,0.554342
68236,0.669385,0.140351,0.24,0.492063
68260,0.61,0.141026,0.180328,0.449997
68290,0.630648,0.186528,0.223602,0.481511
68321,0.588235,0.268817,0.236407,0.485131
68335,0.471406,0.409639,0.217949,0.462706
68451,0.664234,0.25,0.321429,0.536861
68457,0.552612,0.399425,0.258364,0.501898
68487,0.693481,0.205405,0.339286,0.548953
68527,0.696897,0.440367,0.421053,0.610526
68576,0.651249,0.291971,0.304183,0.533509
68679,0.690675,0.133501,0.278947,0.513466
69399,0.708589,0.329545,0.446154,0.61005
69416,0.652712,0.256604,0.288136,0.523209
69444,0.75,0.240506,0.527778,0.653595
69464,0.719697,0.516129,0.421053,0.630739
69504,0.757225,0.077982,0.653846,0.707138
69677,0.777461,0.264901,0.470588,0.645197
69684,0.76304,0.065089,0.916667,0.838455
69699,0.693481,0.322751,0.396104,0.585177
69700,0.602122,0.240642,0.221675,0.481981
69771,0.699871,0.18593,0.345794,0.551276
70085,0.651435,0.2,0.26087,0.503618
70193,0.611524,0.333333,0.282209,0.518438
70316,0.308443,0.82906,0.240695,0.474149
70911,0.688209,0.129464,0.266055,0.506896
70914,0.555985,0.320611,0.229508,0.481918
71026,0.758621,0.231884,0.615385,0.694926
71129,0.790123,0.285714,0.75,0.77226
71257,0.759336,0.225806,0.583333,0.681068
71338,0.886364,0.652174,0.882353,0.884838
71352,0.601826,0.265363,0.238095,0.490755
71493,0.759615,0.195122,0.64,0.705017
71761,0.684932,0.131579,0.277778,0.509983
71816,0.707965,0.388889,0.443038,0.61575
71912,0.731343,0.157143,0.458333,0.608265
72024,0.723988,0.19337,0.4375,0.599469
72130,0.748634,0.369565,0.5,0.652685
72156,0.760582,0.220513,0.597222,0.6875
72160,0.664493,0.206304,0.27907,0.516095
72215,0.769231,0.387097,0.6,0.702062
72277,0.594328,0.279621,0.25,0.492826
72306,0.727273,0.166667,0.4375,0.598337
72369,0.641409,0.012766,0.028037,0.37426
72596,0.725026,0.445783,0.4625,0.636859
72635,0.726389,0.181319,0.407407,0.587115
72667,0.583845,0.296,0.242623,0.490554
72697,0.676471,0.254902,0.317073,0.541972
72991,0.526745,0.464029,0.256972,0.504526
73043,0.737052,0.140625,0.45,0.605952
73089,0.72067,0.340909,0.416667,0.606935
73114,0.718455,0.162162,0.375,0.567924
73117,0.792135,0.195652,1.0,0.890533
73152,0.797101,0.277778,0.833333,0.813492
73269,0.73774,0.172269,0.455556,0.611622
73355,0.756184,0.130282,0.560606,0.664449
73427,0.509091,0.627306,0.292096,0.536977
73911,0.598253,0.340974,0.269841,0.511662
73921,0.733122,0.209205,0.438596,0.605989
73940,0.74361,0.047022,0.46875,0.609785
73975,0.695051,0.082386,0.232,0.486697
73990,0.668037,0.118852,0.211679,0.477251
74094,0.775194,0.548387,0.53125,0.69346
74254,0.529158,0.330472,0.215686,0.470761
74260,0.51479,0.429864,0.240202,0.489801
74542,0.757576,0.147059,0.625,0.695565
74737,0.714286,0.278571,0.40625,0.592622
74859,0.753059,0.111607,0.520833,0.643495
74976,0.695882,0.26971,0.367232,0.56933
74979,0.81295,0.371429,0.764706,0.792189
75000,0.461165,0.314815,0.186813,0.432537
75097,0.756281,0.176471,0.580645,0.675881
75100,0.685484,0.15625,0.294118,0.520891
75264,0.751914,0.224242,0.521127,0.650598
75493,0.749478,0.135246,0.532258,0.648383
75648,0.60266,0.232787,0.225397,0.480942
75685,0.693093,0.204819,0.348718,0.552023
75732,0.661638,0.296137,0.315068,0.541878
76262,0.740625,0.149847,0.475728,0.619767
76350,0.661538,0.603774,0.415584,0.618809
76363,0.608621,0.311512,0.268482,0.509853
76649,0.794872,0.272727,1.0,0.888889
76729,0.73578,0.212329,0.516667,0.639777
76870,0.764706,0.208333,0.5,0.646739
76899,0.661649,0.157623,0.242063,0.493289
77018,0.783333,0.16129,1.0,0.886957
77116,0.706415,0.181548,0.348571,0.55472
77291,0.716279,0.111111,0.315789,0.535446
77354,0.747059,0.295455,0.52,0.653103
77367,0.754125,0.18543,0.518519,0.647846
77653,0.676923,0.111111,0.214286,0.479934
77706,0.833333,0.333333,1.0,0.909091
78070,0.769912,0.310345,0.6,0.697959
78111,0.722401,0.105485,0.347222,0.550498
78154,0.721348,0.297297,0.417722,0.602303
78295,0.729483,0.270784,0.452381,0.615997
78379,0.652921,0.31982,0.318386,0.543039
78394,0.593361,0.290323,0.25,0.494822
78483,0.79,0.230769,0.857143,0.821045
78602,0.675273,0.332031,0.352697,0.56473
78615,0.753505,0.055814,0.6,0.678589
78678,0.776596,0.145833,0.875,0.823611
78690,0.67083,0.174157,0.287037,0.515134
78727,0.75817,0.282051,0.55,0.669737
78739,0.712963,0.153285,0.35,0.554167
78752,0.753181,0.13198,0.530612,0.649295
78864,0.564125,0.255245,0.201102,0.465911
79107,0.716981,0.150943,0.347826,0.554865
79122,0.739933,0.271523,0.476744,0.630529
79386,0.658863,0.495455,0.358553,0.585684
79400,0.61,0.204893,0.213376,0.474842
79628,0.781955,0.294118,0.666667,0.731638
79693,0.619048,0.334471,0.285714,0.522783
79708,0.633154,0.221538,0.242424,0.495467
79718,0.779661,0.483871,0.6,0.713978
79789,0.770588,0.162791,0.7,0.7375
79803,0.709887,0.231263,0.377622,0.574115
79812,0.787234,0.2,1.0,0.88764
79861,0.716137,0.25,0.406015,0.589879
79910,0.687316,0.046512,0.142857,0.439596
79947,0.679641,0.282353,0.342857,0.555898
79989,0.671946,0.252252,0.311111,0.537658
80032,0.717949,0.119342,0.367089,0.55869
80265,0.758621,0.247934,0.681818,0.724541
80325,0.615124,0.259912,0.25431,0.498715
80361,0.717979,0.218107,0.514563,0.630276
80542,0.776316,0.216667,0.764706,0.770979
80574,0.585139,0.286154,0.234257,0.48752
80635,0.64544,0.18239,0.232932,0.489389
80645,0.704492,0.271028,0.381579,0.578398
80803,0.711302,0.110553,0.275,0.516928
80812,0.574681,0.377698,0.263158,0.507831
80814,0.728287,0.130841,0.403846,0.580724
80880,0.747748,0.195402,0.548387,0.6583
80933,0.648819,0.23125,0.270073,0.511543
80979,0.696309,0.197368,0.337079,0.548224
80988,0.746269,0.093137,0.5,0.629243
80997,0.625631,0.317269,0.282143,0.521521
81093,0.666121,0.303226,0.328671,0.548951
81119,0.754491,0.27907,0.545455,0.665831
81412,0.714602,0.189427,0.367521,0.566861
81457,0.6407,0.328221,0.314706,0.538072
81472,0.596019,0.255814,0.229167,0.48429
81683,0.818966,0.5,0.761905,0.796742
81872,0.764706,0.25641,0.588235,0.6875
81980,0.715356,0.356784,0.415205,0.606015
81992,0.721402,0.086957,0.324324,0.53741
82127,0.740801,0.045161,0.4,0.575421
82216,0.595331,0.265625,0.22973,0.48645
82309,0.688995,0.180124,0.315217,0.534244
82354,0.661017,0.133333,0.222222,0.481111
82371,0.664699,0.156682,0.251852,0.497415
82396,0.669014,0.2657,0.297297,0.534706
82412,0.748454,0.064516,0.571429,0.662572
82461,0.681075,0.231481,0.318471,0.540495
82496,0.602362,0.266871,0.246459,0.492913
82581,0.723042,0.057778,0.288889,0.51765
82800,0.656739,0.1875,0.250996,0.500498
82822,0.630807,0.354633,0.30663,0.536552
82830,0.564143,0.316456,0.232019,0.484941
82909,0.697368,0.160584,0.323529,0.537842
82927,0.616861,0.13245,0.168776,0.448072
83023,0.622642,0.512397,0.338798,0.569059
83063,0.675532,0.305439,0.34434,0.558159
83073,0.630705,0.203252,0.238095,0.489074
83109,0.685504,0.183544,0.315217,0.533211
83110,0.61129,0.474684,0.321888,0.553709
83188,0.547733,0.387387,0.261398,0.497104
83224,0.674858,0.261194,0.324074,0.54446
83241,0.580745,0.195122,0.188235,0.454877
83255,0.691525,0.342105,0.38806,0.584381
83275,0.683818,0.140351,0.269663,0.508434
83348,0.76378,0.363636,0.571429,0.686658
83389,0.754415,0.059211,0.75,0.752253
83467,0.59194,0.174342,0.184028,0.453033
83530,0.681067,0.139896,0.241071,0.497573
83546,0.772947,0.176471,0.642857,0.71262
83556,0.617021,0.311828,0.266055,0.513177
83560,0.758319,0.114583,0.611111,0.688368
83589,0.586822,0.41411,0.283019,0.524043
83726,0.675781,0.292308,0.339286,0.554643
83787,0.660519,0.138211,0.221739,0.48202
83854,0.636364,0.226316,0.255952,0.501252
83860,0.65453,0.297659,0.310105,0.537603
83935,0.655654,0.199005,0.266667,0.50696
83945,0.741848,0.181818,0.478873,0.624399
83998,0.714286,0.180124,0.358025,0.561783
84017,0.715311,0.271028,0.414286,0.595074
84067,0.552732,0.305,0.222628,0.475836
84076,0.683798,0.161512,0.283133,0.51733
84085,0.66624,0.174359,0.253731,0.502637
84097,0.581376,0.328947,0.253165,0.498602
84158,0.663972,0.253394,0.307692,0.533232
84184,0.626604,0.159817,0.204678,0.468228
84216,0.693878,0.176,0.318841,0.537092
84219,0.63806,0.385714,0.333333,0.551693
84223,0.673203,0.151042,0.25,0.499422
84259,0.724868,0.315789,0.434783,0.612213
84268,0.732785,0.104418,0.412698,0.583822
84291,0.700284,0.244444,0.369748,0.568635
84292,0.757216,0.059603,0.9,0.827375
84323,0.602844,0.41791,0.298667,0.534627
84331,0.714107,0.242574,0.392,0.582834
84342,0.722408,0.087719,0.327869,0.539533
84561,0.74583,0.047904,0.888889,0.816322
84603,0.63035,0.340206,0.295964,0.531194
84620,0.650875,0.172805,0.245968,0.493091
84637,0.674383,0.189135,0.290123,0.520679
84680,0.592086,0.310541,0.251152,0.499007
84690,0.610823,0.240356,0.231429,0.487586
84697,0.70684,0.246914,0.408163,0.585865
84700,0.556951,0.5053,0.287726,0.530595
84739,0.520619,0.18,0.147541,0.419635
84773,0.710392,0.211921,0.385542,0.574716
84835,0.706454,0.17193,0.337931,0.54929
84845,0.754513,0.157143,0.55,0.660214
84879,0.731681,0.167364,0.444444,0.603487
84888,0.709424,0.162712,0.358209,0.557069
84898,0.714681,0.120879,0.323529,0.539441
84917,0.743666,0.095238,0.444444,0.602537
84941,0.68595,0.156716,0.288991,0.519403
84964,0.713491,0.296703,0.409091,0.595516
85063,0.623239,0.112676,0.153846,0.441147
85107,0.707442,0.135593,0.314961,0.535119
85115,0.568884,0.24424,0.210317,0.466176
85127,0.820896,0.333333,1.0,0.901639
85144,0.575355,0.324138,0.249337,0.494176
85157,0.641064,0.331395,0.308108,0.537184
85204,0.740127,0.163522,0.268041,0.537364
85223,0.782609,0.257143,0.692308,0.742154
85298,0.732804,0.145833,0.424242,0.593281
85352,0.705588,0.197492,0.39375,0.57368
85382,0.610448,0.169096,0.19661,0.461941
85390,0.637631,0.281356,0.289199,0.521487
85509,0.687441,0.138158,0.378378,0.551004
85598,0.744493,0.158192,0.528302,0.64552
85691,0.73617,0.109244,0.419355,0.588948
85721,0.794393,0.192308,0.833333,0.812706
85735,0.577931,0.39779,0.267658,0.514311
85753,0.659531,0.23506,0.293532,0.523689
85864,0.759292,0.352113,0.531915,0.668293
85877,0.774648,0.103774,0.916667,0.843599
85879,0.561106,0.315603,0.229381,0.48304
85912,0.705109,0.159341,0.371795,0.559868
85918,0.60951,0.508475,0.328467,0.560662
85945,0.616009,0.192661,0.213198,0.474268
85996,0.692471,0.140167,0.283898,0.517404
86007,0.732441,0.139108,0.424,0.592292
86015,0.640152,0.325926,0.307692,0.535664
86019,0.734579,0.306569,0.47191,0.629453
86125,0.645533,0.189655,0.23913,0.492767
86129,0.662728,0.315126,0.331858,0.550326
86150,0.62691,0.212121,0.234536,0.488653
86178,0.828125,0.421053,1.0,0.901786
86182,0.76,0.181818,0.666667,0.716954
86185,0.697345,0.219178,0.359551,0.560027
86197,0.745318,0.149038,0.534483,0.64813
86204,0.584158,0.328859,0.243781,0.498434
86221,0.624758,0.131646,0.178694,0.453236
86224,0.670874,0.161538,0.257669,0.503113
86254,0.59469,0.342857,0.259459,0.508677
86276,0.678172,0.303371,0.3375,0.556971
86279,0.660093,0.196429,0.280255,0.512468
86292,0.756098,0.139423,0.58,0.673766
86329,0.712737,0.252632,0.40678,0.588874
86338,0.626629,0.181818,0.221239,0.477954
86388,0.773333,0.285714,0.75,0.76306
86419,0.702513,0.126984,0.296296,0.524135
86461,0.661355,0.304,0.31405,0.542852
86485,0.644602,0.418182,0.347607,0.563712
86495,0.648391,0.163551,0.231788,0.485807
86535,0.639615,0.236264,0.259036,0.505632
86538,0.620939,0.359155,0.3,0.53151
86542,0.548358,0.311594,0.219949,0.475223
86545,0.718728,0.172973,0.387879,0.574595
86554,0.617952,0.479452,0.325077,0.558143
86561,0.75641,0.123188,0.586207,0.676082
86587,0.651341,0.231939,0.273543,0.513751
86594,0.692308,0.173077,0.3,0.529213
86607,0.682904,0.084942,0.188034,0.466598
86649,0.60251,0.109244,0.134021,0.427903
86702,0.710884,0.218543,0.388235,0.576821
86763,0.67198,0.215881,0.284314,0.522912
86804,0.752525,0.104167,0.454545,0.612299
86814,0.709765,0.136076,0.472527,0.601781
86817,0.618487,0.322581,0.290698,0.521235
86824,0.698651,0.196429,0.333333,0.547829
86849,0.749731,0.248927,0.5,0.642638
86871,0.582638,0.264901,0.223464,0.479589
86874,0.651757,0.47205,0.363636,0.5799
86901,0.549118,0.339901,0.235495,0.484015
86938,0.724522,0.25625,0.431579,0.604157
86962,0.734918,0.183824,0.423729,0.598135
86971,0.639721,0.225296,0.256757,0.502737
87013,0.757576,0.2,0.636364,0.702479
87036,0.646272,0.231343,0.274336,0.511558
87042,0.75,0.162162,0.461538,0.619258
87050,0.683753,0.133562,0.26,0.503626
87061,0.758621,0.214286,0.566038,0.672577
87087,0.461942,0.712871,0.290323,0.536139
87090,0.609831,0.226415,0.215569,0.480718
87098,0.540498,0.333333,0.229167,0.477767
87118,0.636364,0.285714,0.277778,0.518985
87127,0.751856,0.106383,0.510204,0.637652
87138,0.674837,0.375,0.425806,0.592553
87176,0.559633,0.247059,0.207921,0.462367
87177,0.754386,0.110526,0.617647,0.689304
87200,0.68638,0.363014,0.392593,0.586367
87213,0.752252,0.169492,0.625,0.693568
87276,0.639503,0.195402,0.219355,0.486655
87344,0.717241,0.183183,0.386076,0.574468
87352,0.724689,0.140845,0.377358,0.569071
87358,0.663646,0.295775,0.385321,0.563628
87390,0.766667,0.157895,0.666667,0.719858
87437,0.748503,0.195122,0.470588,0.625294
87455,0.471087,0.536364,0.249296,0.494324
87459,0.669197,0.200993,0.287234,0.519676
87480,0.752239,0.151163,0.565217,0.665622
87514,0.825,0.380952,0.888889,0.852895
87521,0.742056,0.22963,0.476923,0.627823
87539,0.681445,0.305195,0.350746,0.562742
87556,0.747024,0.14902,0.5,0.633584
87558,0.754258,0.188679,0.571429,0.671353
87562,0.740909,0.339286,0.487179,0.64138
87573,0.772358,0.333333,0.555556,0.68254
87575,0.728324,0.215909,0.431818,0.601671
87586,0.705104,0.246377,0.395349,0.580293
87594,0.72973,0.267176,0.443038,0.61218
87625,0.650089,0.22695,0.266667,0.510309
87649,0.672598,0.202797,0.292929,0.523354
87667,0.802956,0.155556,0.777778,0.790951
87677,0.712598,0.288462,0.294118,0.555926
87692,0.73516,0.196429,0.458333,0.613782
87705,0.683087,0.203947,0.300971,0.53092
87724,0.609172,0.181132,0.215247,0.468521
87742,0.573593,0.095652,0.105769,0.407633
87766,0.633969,0.429091,0.324176,0.555575
87814,0.725979,0.314286,0.431373,0.611338
87827,0.670909,0.26,0.357798,0.553049
87829,0.702847,0.169611,0.326531,0.542999
87833,0.738235,0.235955,0.5,0.635906
87879,0.598374,0.4125,0.30137,0.531998
87886,0.705882,0.145455,0.307692,0.533333
87889,0.525606,0.442105,0.254545,0.498632
87900,0.681723,0.227642,0.326848,0.542866
87909,0.682373,0.353741,0.374101,0.577603
87963,0.706122,0.342857,0.48,0.622051
87973,0.610212,0.22549,0.228856,0.483199
87977,0.751825,0.182692,0.527778,0.650556
87981,0.633891,0.200837,0.231884,0.488439
88000,0.707877,0.137339,0.326531,0.540104
88025,0.731127,0.182927,0.432692,0.599892
88030,0.72973,0.157895,0.428571,0.594883
88036,0.77305,0.333333,0.6,0.700826
88053,0.687861,0.075188,0.204082,0.47119
88068,0.773885,0.25641,0.606061,0.699827
88088,0.669862,0.146444,0.248227,0.496294
88109,0.629108,0.18125,0.214815,0.477447
88128,0.60745,0.329545,0.271028,0.513613
88159,0.718816,0.2,0.393443,0.580216
88180,0.692456,0.30303,0.373832,0.574721
88190,0.679359,0.119048,0.234375,0.489601
88193,0.611285,0.3125,0.265957,0.510757
88195,0.709066,0.122931,0.468468,0.598536
88228,0.76,0.266667,0.571429,0.678571
88245,0.711334,0.137209,0.333333,0.544386
88284,0.671533,0.2949,0.3325,0.551116
88303,0.645316,0.294479,0.31068,0.532999
88308,0.695108,0.313901,0.378378,0.578959
88310,0.681818,0.244444,0.333333,0.547786
88314,0.708333,0.233871,0.391892,0.578951
88325,0.671271,0.163043,0.263158,0.505349
88340,0.75,0.212121,0.538462,0.656187
88347,0.657363,0.19697,0.265306,0.506912
88363,0.743875,0.191111,0.472527,0.6235
88383,0.693215,0.257143,0.365854,0.56581
88393,0.665377,0.132812,0.21519,0.480883
88396,0.51059,0.449405,0.24633,0.492699
88397,0.575283,0.326531,0.248705,0.494601
88422,0.708202,0.217949,0.350515,0.561664
88429,0.781457,0.275,0.733333,0.760049
88438,0.746939,0.175299,0.517647,0.643181
88460,0.787791,0.261905,0.666667,0.733655
88480,0.717582,0.104121,0.322148,0.537495
88502,0.740385,0.423077,0.478261,0.646538
88522,0.782609,0.414634,0.607143,0.713346
88527,0.592784,0.259109,0.231884,0.484098
88532,0.753968,0.255319,0.510638,0.649579
88540,0.685246,0.124464,0.256637,0.501137
88559,0.694561,0.237864,0.441441,0.591183
88566,0.753906,0.066327,0.684211,0.719942
88582,0.657581,0.350993,0.339744,0.556183
88583,0.590054,0.335106,0.259259,0.504879
88586,0.732143,0.255474,0.463576,0.620068
88591,0.706207,0.256684,0.393443,0.581464
88602,0.709732,0.29316,0.410959,0.593969
88603,0.721634,0.164706,0.4,0.579865
88614,0.731507,0.258065,0.45283,0.615838
88631,0.537991,0.431095,0.24898,0.501589
88633,0.740079,0.274809,0.5,0.640046
88641,0.720988,0.392157,0.43956,0.621054
88657,0.725926,0.262774,0.433735,0.606364
88702,0.624768,0.181818,0.213256,0.475319
88714,0.696721,0.375,0.458824,0.613753
88718,0.682502,0.090692,0.205405,0.473812
88750,0.742877,0.067204,0.438596,0.596856
88753,0.744783,0.187097,0.467742,0.621572
88764,0.748842,0.153846,0.512195,0.64025
88769,0.731141,0.212121,0.444444,0.607685
88770,0.673709,0.072727,0.177778,0.455031
88787,0.71246,0.194969,0.373494,0.568883
88788,0.650282,0.26129,0.283217,0.521713
88822,0.608063,0.235294,0.223176,0.483558
88823,0.694964,0.254237,0.36,0.564211
88852,0.73904,0.221311,0.473684,0.624283
88859,0.702624,0.545977,0.431818,0.631145
88868,0.659836,0.571429,0.391304,0.606836
88902,0.691095,0.169675,0.313333,0.532744
88913,0.730034,0.114894,0.457627,0.603512
88919,0.645238,0.310897,0.294833,0.531949
88935,0.713881,0.284211,0.45,0.608959
88979,0.744849,0.100629,0.470588,0.615529
88982,0.741379,0.159091,0.466667,0.616981
88983,0.692147,0.165992,0.317829,0.534217
88986,0.64076,0.30137,0.293333,0.527786
88988,0.693856,0.413502,0.395161,0.597724
89044,0.731429,0.263158,0.448718,0.614739
89046,0.575554,0.330688,0.248016,0.495582
89057,0.566109,0.321101,0.231278,0.486868
89068,0.717949,0.207692,0.402985,0.584447
89121,0.688065,0.217857,0.326203,0.54395
89128,0.736096,0.240175,0.447154,0.614005
89143,0.730469,0.184615,0.428571,0.598058
89147,0.706587,0.227273,0.4,0.580282
89165,0.754386,0.354839,0.578947,0.684211
89193,0.689312,0.381295,0.382671,0.587345
89194,0.640152,0.251852,0.276423,0.51352
89220,0.681087,0.244898,0.3125,0.540913
89235,0.681347,0.232323,0.328571,0.544033
89256,0.65798,0.327922,0.321656,0.54759
89264,0.715893,0.194986,0.378378,0.572374
89274,0.602627,0.185897,0.201389,0.464135
89284,0.668067,0.177686,0.26875,0.508744
89288,0.712731,0.309322,0.41954,0.600374
89293,0.676385,0.212644,0.303279,0.530185
89296,0.622613,0.247761,0.255385,0.499644
89343,0.711111,0.273973,0.38835,0.584216
89346,0.71243,0.489209,0.447368,0.631953
89360,0.716834,0.190476,0.396396,0.579241
89368,0.696398,0.132653,0.282609,0.517277
89383,0.713384,0.208955,0.381818,0.57434
89386,0.639191,0.173913,0.285714,0.499731
89413,0.684916,0.264317,0.342857,0.555456
89442,0.564246,0.222222,0.188679,0.455451
89454,0.761468,0.18018,0.606061,0.690127
89466,0.636555,0.404959,0.326667,0.552904
89475,0.606264,0.191589,0.186364,0.464844
89478,0.717262,0.258824,0.407407,0.592002
89506,0.61588,0.270386,0.250996,0.500682
89509,0.60039,0.34375,0.266667,0.512644
89512,0.785124,0.193548,0.857143,0.818922
89520,0.703002,0.154321,0.328947,0.541493
89537,0.665102,0.2375,0.292308,0.526311
89547,0.756849,0.089286,0.689655,0.724403
89565,0.599788,0.226891,0.218623,0.476938
89566,0.687433,0.12931,0.252101,0.501666
89596,0.814286,0.421053,0.8,0.808333
89643,0.755556,0.282609,0.541667,0.665064
89652,0.668737,0.241935,0.3125,0.534803
89721,0.514658,0.447257,0.251185,0.49433
89753,0.711679,0.182857,0.369942,0.565506
89790,0.748292,0.07489,0.607143,0.680042
89871,0.626506,0.283465,0.274809,0.513426
89907,0.67402,0.091205,0.189189,0.464948
89908,0.68717,0.190141,0.3,0.529958
89928,0.610679,0.272321,0.245968,0.497792
89929,0.60793,0.210526,0.214286,0.475564
89953,0.687924,0.209677,0.319672,0.540324
89978,0.732843,0.207207,0.522727,0.640485
90085,0.734177,0.194915,0.425926,0.599868
90137,0.640989,0.154696,0.217054,0.476289
90180,0.647887,0.292683,0.363636,0.548791
90203,0.644783,0.325688,0.312775,0.538976
90216,0.76129,0.264957,0.553571,0.671651
90222,0.455947,0.554113,0.246628,0.490923
90225,0.637097,0.190909,0.234637,0.488146
90261,0.640519,0.23399,0.259563,0.505679
90313,0.613514,0.26738,0.251256,0.499011
90321,0.63964,0.252941,0.275641,0.513311
90333,0.762712,0.108333,0.722222,0.74327
90342,0.743636,0.165468,0.479167,0.624045
90375,0.679887,0.211765,0.28125,0.524708
90422,0.769716,0.2,0.64,0.710411
90466,0.807692,0.318182,1.0,0.894366
90479,0.710177,0.210526,0.369231,0.568336
90520,0.763514,0.157895,0.666667,0.718225
90599,0.592941,0.276018,0.246964,0.490812
90645,0.701878,0.420561,0.409091,0.606444
90692,0.707627,0.301587,0.431818,0.601326
90718,0.772973,0.325581,0.518519,0.667487
90720,0.719599,0.129944,0.353846,0.555472
90729,0.646288,0.389831,0.338235,0.557316
90781,0.629032,0.375,0.315789,0.541616
90802,0.724466,0.176744,0.408602,0.586144
90850,0.751773,0.25,0.529412,0.655835
90896,0.678392,0.288462,0.357143,0.560737
90920,0.755906,0.228571,0.666667,0.715942
90950,0.686567,0.402778,0.414286,0.598557
91003,0.656977,0.130536,0.205128,0.473677
91019,0.614667,0.125654,0.164384,0.443947
91028,0.707143,0.242991,0.382353,0.57612
91083,0.603104,0.301724,0.263158,0.50422
91118,0.508235,0.287671,0.193846,0.448352
91195,0.761803,0.110169,0.684211,0.724656
91219,0.77619,0.350877,0.666667,0.730556
91254,0.593341,0.227488,0.211454,0.472991
91295,0.632653,0.284672,0.280576,0.517788
91386,0.672435,0.161765,0.259843,0.504555
91465,0.763761,0.145455,0.64,0.705645
91485,0.615142,0.349693,0.292308,0.525425
91487,0.642298,0.210526,0.243902,0.497367
91508,0.603175,0.142857,0.168421,0.445482
91518,0.624631,0.168385,0.260638,0.484007
91584,0.645047,0.150685,0.222973,0.478629
91610,0.654206,0.514286,0.380952,0.59221
91630,0.712297,0.4,0.431373,0.615382
91632,0.7625,0.238095,0.625,0.701389
91636,0.731651,0.090909,0.37037,0.562936
91642,0.679922,0.085603,0.188034,0.465461
91646,0.726103,0.192593,0.393939,0.582953
91661,0.685786,0.333333,0.369565,0.57475
91673,0.651961,0.211823,0.257485,0.505476
91704,0.551046,0.413462,0.261398,0.504666
91805,0.642857,0.296296,0.363636,0.546875
91824,0.65508,0.438776,0.367521,0.576757
91842,0.611321,0.227273,0.223881,0.483152
91844,0.610245,0.278027,0.247012,0.499086
91860,0.818182,0.350515,0.871795,0.841868
91877,0.649263,0.219807,0.268437,0.508927
91883,0.74359,0.28125,0.5625,0.667389
91886,0.609572,0.211823,0.222798,0.478287
91907,0.603704,0.153465,0.171271,0.449705
91995,0.745403,0.050279,0.473684,0.613296
92072,0.743484,0.097826,0.461538,0.610479
92082,0.594502,0.306667,0.258427,0.500501
92099,0.741546,0.190909,0.538462,0.650564
92121,0.682327,0.216216,0.303797,0.533692
92122,0.771242,0.404762,0.62963,0.715608
92124,0.795082,0.225806,0.875,0.832237
92180,0.695783,0.154762,0.302326,0.528325
92207,0.729508,0.290323,0.45,0.617157
92236,0.73546,0.171642,0.433962,0.601356
92269,0.733333,0.275,0.5,0.636719
92281,0.582677,0.111111,0.122807,0.419272
92351,0.660112,0.472527,0.37069,0.585345
92377,0.738854,0.15,0.461538,0.612714
92399,0.690066,0.297436,0.374194,0.57293
92414,0.632468,0.149485,0.197279,0.466216
92416,0.638235,0.329412,0.297872,0.533083
92442,0.744186,0.168831,0.5,0.633636
92461,0.70603,0.125,0.333333,0.539926
92488,0.719368,0.412698,0.433333,0.620812
92520,0.708625,0.159817,0.346535,0.551735
92530,0.612245,0.137255,0.179487,0.449616
92551,0.713636,0.357143,0.425532,0.60872
92560,0.784722,0.162162,1.0,0.887681
92585,0.754902,0.115385,0.6,0.681443
92593,0.809524,0.5,0.714286,0.773109
92622,0.704774,0.270936,0.387324,0.580512
92624,0.748954,0.118785,0.511905,0.637804
92625,0.519538,0.567376,0.276339,0.526652
92673,0.676543,0.650485,0.41358,0.632716
92723,0.62465,0.219101,0.232143,0.488782
92733,0.741416,0.105932,0.454545,0.606976
92754,0.681564,0.268116,0.345794,0.555455
92770,0.684659,0.340659,0.378049,0.577913
92791,0.692913,0.25,0.347826,0.558528
92838,0.663934,0.378947,0.36,0.569098
92850,0.659574,0.360656,0.468085,0.595745
92851,0.778351,0.375,0.580645,0.698298
92882,0.715711,0.146465,0.329545,0.546425
92885,0.693151,0.455556,0.394231,0.603246
92928,0.710983,0.088889,0.307692,0.525721
92953,0.764214,0.164384,0.55814,0.66916
92965,0.617225,0.259259,0.259259,0.500597
92987,0.736508,0.209877,0.472222,0.621416
93033,0.758303,0.10219,0.636364,0.699913
93055,0.758595,0.036585,0.631579,0.696002
93064,0.689474,0.260417,0.347222,0.558351
93069,0.67036,0.155556,0.245614,0.497807
93073,0.707373,0.454545,0.42735,0.619038
93077,0.708686,0.099585,0.292683,0.520471
93104,0.722727,0.216867,0.404494,0.588412
93115,0.717477,0.271357,0.435484,0.603927
93121,0.682779,0.156627,0.270833,0.511742
93125,0.483254,0.392405,0.213793,0.464463
93132,0.619289,0.28866,0.256881,0.507388
93193,0.773006,0.232558,0.714286,0.746405
93203,0.728938,0.264706,0.428571,0.606061
93269,0.690217,0.208531,0.419048,0.577194
93359,0.770968,0.253165,0.625,0.706385
93381,0.728435,0.246914,0.454545,0.61389
93433,0.544271,0.148936,0.12844,0.418766
93448,0.663212,0.384615,0.377358,0.574394
93515,0.756494,0.141026,0.578947,0.673557
93590,0.707059,0.341014,0.411111,0.598839
93596,0.695364,0.391753,0.404255,0.598071
93655,0.654308,0.12987,0.205479,0.47239
93680,0.573379,0.391892,0.266055,0.510745
93703,0.734375,0.397059,0.5,0.648515
93735,0.651163,0.292308,0.301587,0.532845
93815,0.636656,0.225,0.26087,0.502336
93817,0.763158,0.393939,0.65,0.718617
93821,0.708672,0.223958,0.394495,0.578806
93832,0.740586,0.177419,0.5,0.632488
93833,0.70788,0.187166,0.357143,0.559449
93842,0.661482,0.193548,0.271357,0.509839
93846,0.764531,0.142012,0.648649,0.709971
93859,0.5625,0.229508,0.194444,0.457341
93952,0.688525,0.511905,0.443299,0.623092
93964,0.625199,0.31875,0.288136,0.522957
93968,0.739362,0.1875,0.473684,0.621457
93970,0.625755,0.287879,0.292308,0.518088
93983,0.663448,0.278075,0.322981,0.54181
93995,0.596774,0.291139,0.25,0.49656
94035,0.734328,0.100592,0.395349,0.576462
94038,0.753754,0.2,0.548387,0.661611
94060,0.614159,0.143836,0.184211,0.453524
94087,0.751111,0.140351,0.533333,0.65
94089,0.761905,0.354167,0.548387,0.676092
94108,0.739687,0.167598,0.46875,0.617787
94115,0.75495,0.217822,0.52381,0.652789
94151,0.740426,0.271739,0.505051,0.641964
94171,0.688073,0.348837,0.394737,0.585815
94175,0.772563,0.422535,0.576923,0.69735
94187,0.687654,0.365,0.366834,0.579489
94316,0.641434,0.15625,0.217391,0.476988
94372,0.694006,0.234177,0.336364,0.552724
94380,0.709117,0.270115,0.38843,0.582811
94436,0.678571,0.454545,0.431034,0.606822
94458,0.76824,0.111111,0.764706,0.76654
94510,0.677372,0.291429,0.344595,0.556841
94556,0.765957,0.276596,0.565217,0.679578
94583,0.728532,0.212766,0.454545,0.610553
94588,0.580229,0.426966,0.284644,0.523993
94620,0.730183,0.137725,0.410714,0.585357
94631,0.703966,0.139665,0.3125,0.533247
94651,0.745366,0.062992,0.410256,0.584439
94678,0.76,0.533333,0.5,0.674731
94698,0.685969,0.324324,0.352941,0.568401
94727,0.763736,0.3125,0.6,0.694904
94830,0.479416,0.533333,0.25679,0.497648
94846,0.734463,0.276243,0.46729,0.62466
94856,0.616702,0.358333,0.296552,0.528711
94864,0.585507,0.305085,0.248848,0.494403
94904,0.630601,0.225532,0.253589,0.497899
94969,0.709738,0.186567,0.352113,0.558346
94982,0.678144,0.25731,0.333333,0.548197
95002,0.762238,0.366197,0.530612,0.670369
95016,0.694444,0.306306,0.382022,0.578766
95152,0.764423,0.314815,0.586207,0.689751
95158,0.781457,0.193548,0.428571,0.623045
95176,0.716263,0.342857,0.4,0.599563
95182,0.737044,0.140741,0.475,0.616918
95203,0.644068,0.3125,0.333333,0.541667
95222,0.769231,0.242424,0.615385,0.700855
95236,0.671968,0.212598,0.293478,0.525085
95245,0.767857,0.413793,0.571429,0.692308
95281,0.779412,0.378378,0.666667,0.733333
95322,0.750809,0.111111,0.642857,0.699395
95330,0.756272,0.191781,0.608696,0.689113
95367,0.763359,0.235294,0.615385,0.697523
95476,0.633588,0.304878,0.284091,0.523048
95478,0.724868,0.367347,0.461538,0.627436
95512,0.49505,0.333333,0.197183,0.454756
95519,0.656028,0.246575,0.3,0.526126
95522,0.680723,0.340909,0.384615,0.578134
95544,0.577778,0.434524,0.277567,0.523492
95562,0.598242,0.138173,0.178248,0.443324
95604,0.826087,0.458333,0.785714,0.809524
95631,0.743396,0.357143,0.520833,0.65673
95648,0.527273,0.31677,0.201581,0.465655
95721,0.608483,0.264151,0.254545,0.496692
95749,0.539157,0.315152,0.212245,0.471278
95779,0.700587,0.223077,0.358025,0.56157
95797,0.769841,0.382353,0.619048,0.709524
95867,0.746803,0.217172,0.5,0.638649
95879,0.785714,0.1875,0.857143,0.819328
95931,0.660728,0.126801,0.222222,0.479257
95950,0.512727,0.4,0.233333,0.481183
95992,0.755835,0.13986,0.606061,0.685664
96018,0.533333,0.358974,0.237288,0.481281
96021,0.637417,0.24183,0.264286,0.507143
96033,0.757235,0.075,0.8,0.778089
96041,0.704787,0.380952,0.351648,0.584596
96133,0.761702,0.210084,0.581395,0.680627
96136,0.745455,0.214286,0.5,0.637755
96158,0.709402,0.2,0.375,0.568688
96162,0.689655,0.299213,0.372549,0.572464
96170,0.598982,0.30402,0.255274,0.501384
96178,0.766667,0.179487,0.7,0.735714
96197,0.719101,0.115942,0.363636,0.557328
96237,0.710938,0.339744,0.392593,0.594316
96239,0.632939,0.276657,0.280702,0.516339
96292,0.752381,0.351852,0.527778,0.663314
96294,0.665994,0.252964,0.31068,0.534958
96316,0.737968,0.125,0.461538,0.61008
96336,0.744828,0.135135,0.5,0.631481
96404,0.720848,0.333333,0.462963,0.622311
96405,0.762097,0.145161,0.6,0.686266
96416,0.686166,0.097179,0.221429,0.482714
96432,0.771014,0.159091,0.736842,0.754924
96472,0.722039,0.326797,0.431034,0.610842
96485,0.7125,0.341463,0.424242,0.605822
96535,0.754491,0.20155,0.565217,0.669422
96540,0.723661,0.22069,0.405063,0.589532
96572,0.515599,0.6,0.293578,0.533314
96574,0.713799,0.251701,0.389474,0.582948
96646,0.738318,0.285714,0.5,0.64011
96662,0.748634,0.354167,0.53125,0.662976
96695,0.703504,0.234043,0.366667,0.567578
96737,0.61191,0.203252,0.215517,0.475683
96814,0.637961,0.427586,0.335135,0.559495
96836,0.644809,0.225653,0.268362,0.508117
96922,0.737003,0.372093,0.5,0.647338
96930,0.604651,0.413793,0.297521,0.534411
97044,0.694713,0.227011,0.359091,0.559777
97065,0.72043,0.42,0.477273,0.636524
97111,0.440092,0.603604,0.25188,0.494987
97114,0.797101,0.263158,1.0,0.890625
97116,0.729592,0.367347,0.45,0.625641
97132,0.797872,0.307692,0.888889,0.838562
97196,0.804196,0.447368,0.708333,0.765931
97236,0.64,0.078947,0.136364,0.431463
97276,0.713294,0.125,0.329897,0.542007
97353,0.604396,0.432203,0.310976,0.540368
97366,0.76092,0.09009,0.769231,0.764947
97369,0.676983,0.169231,0.271605,0.511949
97388,0.706994,0.242647,0.388235,0.578127
97428,0.734756,0.244681,0.589744,0.672034
97430,0.722365,0.143223,0.366013,0.56362
97432,0.687316,0.289062,0.352381,0.563427
97495,0.658291,0.22,0.275,0.514858
97506,0.691011,0.255474,0.357143,0.561599
97571,0.649091,0.25,0.284553,0.519326
97587,0.76,0.166667,0.5,0.641304
97594,0.657895,0.189655,0.261905,0.504608
97599,0.653775,0.234043,0.292035,0.520436
97672,0.579053,0.234615,0.217857,0.469377
97675,0.787234,0.297297,0.733333,0.763492
97684,0.649805,0.308271,0.317829,0.539434
97706,0.657778,0.288136,0.326923,0.542074
97765,0.592664,0.355556,0.27907,0.513812
97838,0.752475,0.356164,0.481481,0.646363
97848,0.620952,0.361538,0.288344,0.529531
97889,0.806723,0.363636,0.857143,0.828571
97906,0.708911,0.175573,0.370968,0.563588
98262,0.72043,0.277778,0.434783,0.605803
98348,0.634961,0.113402,0.164179,0.448549
98392,0.549849,0.348,0.234501,0.486222
98567,0.691964,0.095406,0.232759,0.488889
98578,0.703833,0.371429,0.38806,0.59403
98584,0.758364,0.084507,1.0,0.876426
98603,0.745739,0.168539,0.491803,0.630816
98620,0.691489,0.245902,0.361446,0.56186
98624,0.741722,0.271605,0.536585,0.655266
98976,0.670213,0.302326,0.288889,0.539549
99036,0.740741,0.178571,0.5,0.632653
99067,0.65,0.152,0.234568,0.484452
99070,0.749057,0.080882,0.578947,0.667164
99138,0.741549,0.150215,0.472973,0.619049
99148,0.721003,0.358696,0.52381,0.64667
99151,0.688559,0.144068,0.269841,0.511449
99256,0.715789,0.346939,0.435897,0.611988
99276,0.744589,0.128205,0.483871,0.623606
99300,0.743478,0.237288,0.5,0.638614
99566,0.61242,0.288136,0.259542,0.504771
99580,0.741722,0.3,0.521739,0.651495
99635,0.610879,0.466667,0.314607,0.550637
99742,0.607595,0.365854,0.294118,0.525563
99921,0.676617,0.244898,0.3,0.535093
99963,0.736211,0.242991,0.472727,0.624485
100166,0.625,0.120879,0.174603,0.448893
100201,0.740506,0.275,0.478261,0.631723
100231,0.748466,0.372093,0.533333,0.665163
100234,0.678392,0.326531,0.340426,0.56166
100326,0.626866,0.159664,0.202128,0.46773
100360,0.742424,0.26506,0.478261,0.631736
100376,0.659259,0.283582,0.301587,0.534852
100400,0.714876,0.387097,0.436364,0.616578
100425,0.709794,0.256039,0.381295,0.578729
100439,0.713615,0.35514,0.417582,0.605806
100479,0.72043,0.265957,0.416667,0.597756
100501,0.721875,0.219512,0.418605,0.593779
100525,0.588652,0.369048,0.273529,0.51389
100561,0.668998,0.263158,0.340909,0.547287
100599,0.598253,0.495798,0.322404,0.552111
100652,0.544158,0.414248,0.259076,0.501362
100660,0.702128,0.423077,0.354839,0.590714
100673,0.659004,0.261745,0.364486,0.549713
100729,0.713528,0.3125,0.416667,0.600137
100764,0.763158,0.382979,0.529412,0.671757
100780,0.672646,0.350877,0.357143,0.567793
100783,0.747126,0.325581,0.482759,0.641379
100819,0.63986,0.557143,0.351351,0.587104
100906,0.763359,0.413333,0.632653,0.71304
100907,0.744186,0.127273,0.5,0.630597
100914,0.662241,0.212418,0.281385,0.516976
100946,0.764259,0.372093,0.527473,0.670633
100967,0.638387,0.169399,0.223022,0.480476
101048,0.717899,0.182432,0.529412,0.634036
101057,0.734375,0.242424,0.470588,0.622682
101092,0.658182,0.43662,0.364706,0.57709
101095,0.613668,0.333333,0.282407,0.519447
101097,0.577169,0.335135,0.250336,0.497663
101103,0.680628,0.234694,0.328571,0.544093
101137,0.76943,0.175258,0.653846,0.715812
101160,0.716338,0.352113,0.431034,0.611209
101198,0.750332,0.068421,0.541667,0.649434
101202,0.714286,0.059859,0.25,0.497249
101254,0.701493,0.118162,0.282723,0.516825
101283,0.692958,0.252747,0.359375,0.562849
101310,0.659674,0.130841,0.208955,0.476025
101367,0.755869,0.345455,0.542857,0.670305
101589,0.635731,0.119266,0.175676,0.453384
101650,0.613583,0.057692,0.082192,0.402678
101651,0.682274,0.15859,0.276923,0.51395
101671,0.659013,0.195181,0.237537,0.499568
101694,0.715223,0.25,0.396694,0.586023
101741,0.741333,0.223404,0.466667,0.622727
101752,0.725029,0.060748,0.282609,0.51646
101849,0.645455,0.307018,0.3125,0.535823
101949,0.588652,0.25,0.225,0.478837
101988,0.577528,0.394737,0.27439,0.514419
102013,0.734748,0.351064,0.458333,0.629167
102015,0.721311,0.303797,0.444444,0.61266
102035,0.702359,0.22695,0.367816,0.566451
102043,0.742092,0.134615,0.466667,0.615223
102050,0.737931,0.060606,0.222222,0.497141
102134,0.632883,0.236364,0.247619,0.499916
102208,0.648262,0.123967,0.185185,0.462691
102213,0.747368,0.2,0.377778,0.587396
102215,0.749091,0.262411,0.521127,0.652004
102233,0.63596,0.438525,0.35906,0.565932
102254,0.694013,0.092105,0.233333,0.489204
102263,0.698113,0.253247,0.336207,0.557527
102272,0.744505,0.231579,0.52381,0.648551
102288,0.669506,0.271523,0.328,0.544952
102307,0.727273,0.307692,0.444444,0.615923
102320,0.718447,0.277174,0.421488,0.59991
102339,0.635492,0.216981,0.25,0.497308
102399,0.672691,0.085938,0.192982,0.463838
102421,0.752874,0.355556,0.533333,0.665972
102478,0.616415,0.126667,0.162393,0.444738
102516,0.73,0.363636,0.512821,0.647715
102545,0.763158,0.115385,0.75,0.756849
102556,0.665738,0.206897,0.26087,0.511469
102656,0.662207,0.363636,0.35,0.563128
102717,0.753507,0.141732,0.5625,0.664548
102730,0.728421,0.165289,0.416667,0.590066
102751,0.550914,0.474227,0.275449,0.519669
102763,0.741176,0.357143,0.46875,0.636549
102777,0.690032,0.233668,0.344444,0.553545
102781,0.682648,0.361345,0.40566,0.588372
102791,0.759587,0.092486,0.727273,0.743972
102792,0.662185,0.36,0.339623,0.55972
102818,0.678873,0.274725,0.342466,0.554212
102844,0.733032,0.186441,0.5,0.629397
102849,0.853933,0.454545,0.909091,0.877622
102870,0.673629,0.333333,0.344086,0.561698
102889,0.572165,0.29703,0.24,0.485019
102892,0.713415,0.264317,0.46875,0.61371
102893,0.700265,0.479592,0.431193,0.620447
102907,0.603734,0.147541,0.171429,0.447783
102923,0.752497,0.247788,0.513761,0.649558
102927,0.654246,0.12285,0.19305,0.46699
102930,0.765086,0.328358,0.698413,0.736987
103071,0.588235,0.263158,0.234375,0.48343
103073,0.655308,0.264249,0.296512,0.52812
103094,0.749487,0.178862,0.511628,0.642075
103109,0.747826,0.168539,0.535714,0.651138
103141,0.580392,0.2,0.191176,0.456551
103142,0.694444,0.333333,0.396825,0.587302
103169,0.709836,0.189189,0.329412,0.55042
103178,0.686321,0.180952,0.287879,0.523828
103180,0.636612,0.252747,0.261364,0.50838
103226,0.63058,0.488889,0.337423,0.567834
103235,0.667618,0.292818,0.335443,0.549858
103241,0.642667,0.322917,0.31,0.536818
103242,0.738659,0.120968,0.432692,0.597264
103263,0.7411,0.202247,0.666667,0.707447
103272,0.669355,0.272,0.317757,0.541912
103274,0.755319,0.36,0.5625,0.678686
103329,0.621693,0.354839,0.284483,0.527738
103428,0.68272,0.611111,0.416667,0.629148
103531,0.744792,0.191489,0.45,0.614535
103552,0.732,0.264249,0.463636,0.620881
103595,0.77707,0.144737,0.6875,0.73469
103655,0.689103,0.21519,0.326923,0.544231
103721,0.655556,0.164835,0.238095,0.491101
103922,0.634561,0.314607,0.291667,0.527156
104053,0.678679,0.373626,0.404762,0.587923
104079,0.711538,0.243902,0.416667,0.590909
104118,0.666205,0.166667,0.247934,0.499175
104152,0.82716,0.333333,1.0,0.905405
104178,0.697674,0.34375,0.445946,0.606306
104248,0.811765,0.36,1.0,0.894737
104273,0.755937,0.098958,0.612903,0.687469
104406,0.758824,0.113636,0.714286,0.737511
104510,0.627451,0.373626,0.309091,0.539161
104766,0.750219,0.078498,0.605263,0.680238
104767,0.769063,0.25641,0.612245,0.700025
104976,0.566667,0.37234,0.265152,0.50319
105062,0.673214,0.225352,0.304762,0.531502
105066,0.670846,0.294118,0.357143,0.55809
105141,0.668539,0.217391,0.30303,0.527377
105270,0.753125,0.135802,0.55,0.658333
105303,0.755814,0.402985,0.54,0.673846
105398,0.738636,0.114035,0.481481,0.618465
105516,0.610942,0.256098,0.238636,0.492762
105569,0.763158,0.375,0.545455,0.677186
105720,0.76087,0.217391,0.555556,0.669344
105816,0.654167,0.262295,0.296296,0.52718
106219,0.751412,0.244444,0.52381,0.65293
106370,0.805825,0.28,0.777778,0.793144
106413,0.772973,0.446809,0.567568,0.695946
106488,0.590698,0.316667,0.287879,0.506356
106539,0.681661,0.310811,0.359375,0.566354
106721,0.576271,0.455696,0.305085,0.531073
106815,0.689441,0.295455,0.40625,0.58297
106998,0.756839,0.121212,0.571429,0.669342
107183,0.717105,0.25641,0.416667,0.595052
107195,0.775701,0.24,0.545455,0.673769
107336,0.833333,0.482759,0.777778,0.810764
107571,0.736641,0.38806,0.481481,0.642183
107582,0.792141,0.293878,0.72,0.760231
107643,0.770677,0.318182,0.567568,0.685531
107737,0.75,0.25,0.515152,0.649065
107971,0.630435,0.3,0.283784,0.520605
108547,0.744076,0.107143,0.6,0.675622
109896,0.77027,0.224138,0.684211,0.731268
109929,0.75,0.395349,0.53125,0.66714
110358,0.722508,0.098361,0.324324,0.539804
110828,0.778802,0.446429,0.595238,0.709048
111151,0.675439,0.066667,0.181818,0.454987
111287,0.784884,0.431818,0.612903,0.717799
112371,0.676113,0.492063,0.392405,0.600964
112570,0.753138,0.183333,0.52381,0.649519
113856,0.762162,0.191489,0.6,0.688235
113866,0.630081,0.142857,0.195652,0.462826
114858,0.666667,0.382979,0.375,0.575097
116861,0.724138,0.189655,0.392857,0.581232
116925,0.774336,0.258621,0.652174,0.720176
117457,0.722846,0.205882,0.411765,0.590003
124119,0.706468,0.320755,0.425,0.600699
124253,0.559322,0.525424,0.28972,0.536333
124835,0.710145,0.188679,0.37037,0.565741
126044,0.73262,0.326531,0.484848,0.635281
128833,0.707547,0.314815,0.404762,0.593557
129844,0.766667,0.210526,0.615385,0.698203
130157,0.751825,0.472222,0.53125,0.675149
130329,0.597015,0.211538,0.215686,0.471176
130428,0.688776,0.46,0.403509,0.604632
133138,0.770992,0.5,0.566667,0.699175
134458,0.656085,0.265306,0.309524,0.532313
134731,0.605263,0.387755,0.296875,0.52939
134772,0.647059,0.218487,0.257426,0.504713
134883,0.715543,0.285714,0.448276,0.609297
135126,0.783626,0.209302,0.75,0.768082
135209,0.651363,0.074286,0.138298,0.434821
135509,0.821429,0.325581,0.933333,0.871895
135518,0.72973,0.469388,0.489362,0.650478
135527,0.789474,0.2,1.0,0.888889
135543,0.655556,0.122449,0.24,0.48129
135551,0.745015,0.106888,0.494505,0.627048
135726,0.828571,0.377778,0.894737,0.857625
135733,0.787709,0.288889,0.684211,0.742105
135820,0.576471,0.462185,0.291005,0.530601
136059,0.803922,0.307692,0.8,0.802174
136297,0.620328,0.265625,0.255639,0.502598
136372,0.766304,0.297872,0.583333,0.688542
137598,0.685379,0.210269,0.315018,0.537702
137781,0.555,0.44,0.26506,0.512872
138783,0.712707,0.166667,0.4,0.575776
139888,0.754545,0.40625,0.619048,0.702782
141884,0.700549,0.065217,0.206897,0.47509
141898,0.714286,0.302326,0.419355,0.600188
142367,0.710059,0.545455,0.45283,0.640208
143124,0.72807,0.166667,0.454545,0.605914
143295,0.78022,0.270833,0.722222,0.754404
144325,0.80273,0.118012,0.527778,0.671681
144376,0.678571,0.411765,0.291667,0.5625
144617,0.655518,0.224215,0.268817,0.512749
145359,0.805195,0.351351,0.684211,0.753216
145463,0.727273,0.357143,0.5,0.641129
148085,0.734266,0.358974,0.518519,0.651501
148322,0.748299,0.657895,0.510204,0.688776
149086,0.775,0.390244,0.592593,0.702311
149128,0.666667,0.333333,0.351351,0.560631
149899,0.781818,0.162791,1.0,0.886076
150220,0.708861,0.35,0.411765,0.601044
151008,0.763736,0.089888,0.615385,0.692308
151715,0.710875,0.188811,0.362416,0.563082
154199,0.715278,0.378378,0.4375,0.616071
155134,0.670732,0.428571,0.375,0.584052
155701,0.765781,0.131579,0.689655,0.729644
155987,0.773333,0.272727,0.857143,0.810924
157610,0.741007,0.486486,0.514286,0.665797
160771,0.751351,0.244444,0.478261,0.634192
167220,0.745098,0.366667,0.611111,0.69246
168817,0.784091,0.26087,0.75,0.76875
172750,0.704082,0.222222,0.428571,0.589286
178363,0.797753,0.4,0.769231,0.785931
202413,0.787402,0.129032,1.0,0.890244
